{
  "content": [
    {
      "path": "MaterialLibs/enbl-materials/Library.xml",
      "size": 1814,
      "date": 132644581048057023
    },
    {
      "path": "MaterialLibs/enbl-materials/Textures/ENKB-HELIPAD-CIRCLE.PNG.DDS",
      "size": 1466164,
      "date": 132644581053864555
    },
    {
      "path": "MaterialLibs/enbl-materials/Textures/enkb-helipad-circle.png.DDS.FLAGS",
      "size": 39,
      "date": 132618813531076974
    },
    {
      "path": "MaterialLibs/enbl-materials/Textures/ENKB-HELIPAD-CIRCLE.PNG.DDS.json",
      "size": 221,
      "date": 132644581053854740
    },
    {
      "path": "MaterialLibs/enbl-materials/Textures/RWY-AHEAD.PNG.DDS",
      "size": 1466164,
      "date": 132644581051058971
    },
    {
      "path": "MaterialLibs/enbl-materials/Textures/rwy-ahead.png.DDS.FLAGS",
      "size": 39,
      "date": 132618813295919204
    },
    {
      "path": "MaterialLibs/enbl-materials/Textures/RWY-AHEAD.PNG.DDS.json",
      "size": 247,
      "date": 132644581051038975
    },
    {
      "path": "scenery/world/scenery/enbl-airport.bgl",
      "size": 28532,
      "date": 132644581047897022
    },
    {
      "path": "scenery/world/scenery/enbl-polygons.bgl",
      "size": 1185,
      "date": 132644581048007008
    }
  ]
}